<?xml version="1.0" encoding="UTF-8"?>
<beans xmlns="http://www.springframework.org/schema/beans"
    xmlns:mvc="http://www.springframework.org/schema/mvc"
    xmlns:xsi="http://www.w3.org/2001/XMLSchema-instance"
    xmlns:context="http://www.springframework.org/schema/context"
    xsi:schemaLocation="
        http://www.springframework.org/schema/beans
        http://www.springframework.org/schema/beans/spring-beans.xsd
        http://www.springframework.org/schema/mvc
        http://www.springframework.org/schema/mvc/spring-mvc.xsd
         http://www.springframework.org/schema/context
        http://www.springframework.org/schema/context/spring-context.xsd">
	<context:component-scan base-package="com.controller"></context:component-scan>
    
    <bean id="multipartResolver" class="org.springframework.web.multipart.commons.CommonsMultipartResolver">
   		 <property name="maxUploadSize" value="5000000"/>
   		 <property name="defaultEncoding" value="UTF-8"/>
	</bean>
	<!--<mvc:resources mapping="/img/**" location="/img/" />
-->
	<!-- 	视图解析器 作用:把逻辑视图加上前后缀生成实际的物理路径-->
		<bean class="org.springframework.web.servlet.view.InternalResourceViewResolver"> 
			<property name="prefix" value="/"></property>
			<property name="suffix" value=".jsp"></property>
		</bean>
		
		
<!--<bean class="org.springframework.web.servlet.handler.SimpleMappingExceptionResolver">
      
        <property name="exceptionMappings">  
            <props>  
                <prop key="java.lang.RuntimeException">/error</prop>
            </props>  
        </property>  
</bean>-->
		
		<mvc:annotation-driven>
		<mvc:message-converters register-defaults="true">
			<bean class="org.springframework.http.converter.StringHttpMessageConverter">
				<property name="supportedMediaTypes" value="text/plain;charset=UTF-8" />
			</bean>
		</mvc:message-converters>
	</mvc:annotation-driven>
		<!--
		 <mvc:interceptors>
		<mvc:interceptor>
		<mvc:mapping path="/user/*"/>
		<mvc:exclude-mapping path="/userLogin" />
		<mvc:exclude-mapping path="/user/product" />
		<mvc:exclude-mapping path="/user/product1" />
		<mvc:exclude-mapping path="/user/index" />
		<mvc:exclude-mapping path="/user/register" />
		<bean class="com.util.loginFilter"/>
		</mvc:interceptor>
		&lt;!&ndash; 后台管理拦截器 &ndash;&gt;
		<mvc:interceptor>
		<mvc:mapping path="/admin/*"/>
		<mvc:exclude-mapping path="/login" />
		<bean class="com.util.adminFilter"/>
		</mvc:interceptor>
		</mvc:interceptors>
	-->
		
		
		
		<!--<mvc:resources location="/static/" mapping="/static/*"></mvc:resources>
		<mvc:resources location="/css/" mapping="/css/*"></mvc:resources>
		<mvc:resources location="/font/" mapping="/font/*"></mvc:resources>
		<mvc:resources location="/image/" mapping="/image/*"></mvc:resources>
		<mvc:resources location="/js/" mapping="/js/*"></mvc:resources>
		<mvc:resources location="/picture/" mapping="/picture/*"></mvc:resources>
		<mvc:resources location="/shopImg/" mapping="/shopImg/*"></mvc:resources>
		<mvc:resources location="/ue1.1.7.0/" mapping="/ue1.1.7.0/*"></mvc:resources>
		<mvc:resources location="/userStatic/" mapping="/userStatic/*"></mvc:resources>
		-->
	<!--<mvc:resources location="/assets/" mapping="/assets/*"></mvc:resources>
-->
	<mvc:resources location="/static/" mapping="/static/*"></mvc:resources>
	<mvc:annotation-driven/>

</beans>