<?xml version="1.0" encoding="UTF-8"?>
<beans xmlns="http://www.springframework.org/schema/beans"
       xmlns:xsi="http://www.w3.org/2001/XMLSchema-instance"
       xmlns:p="http://www.springframework.org/schema/p"
       xmlns:context="http://www.springframework.org/schema/context"
       xmlns:aop="http://www.springframework.org/schema/aop"
       xmlns:tx="http://www.springframework.org/schema/tx"
       xsi:schemaLocation="http://www.springframework.org/schema/beans
    http://www.springframework.org/schema/beans/spring-beans-3.2.xsd
    http://www.springframework.org/schema/context
    http://www.springframework.org/schema/context/spring-context-3.2.xsd
    http://www.springframework.org/schema/tx
    http://www.springframework.org/schema/tx/spring-tx-3.2.xsd
    http://www.springframework.org/schema/aop
    http://www.springframework.org/schema/aop/spring-aop-3.2.xsd">

    <bean id="dataSource" class="org.apache.commons.dbcp.BasicDataSource"
          destroy-method="close">
        <property name="driverClassName" value="com.mysql.jdbc.Driver" />
        <!--<property name="url">
            <value><![CDATA[jdbc:mysql://101.43.157.253:3306/store?
                    useUnicode=true&characterEncoding=utf-8]]></value>
        </property>-->
        <property name="url" value="jdbc:mysql://82.157.136.185:3306/ihrm?
                        useUnicode=true&amp;characterEncoding=utf-8" />
        <property name="username" value="root" />
        <property name="password" value="123"/>
    </bean>

    <!-- 配置SqlSessionFactoryBean -->
    <bean id="sqlSessionFactory" class="org.mybatis.spring.SqlSessionFactoryBean">
        <!-- 引用数据源组件 -->
        <property name="dataSource" ref="dataSource" />
        <!-- 引用MyBatis配置文件中的配置 -->
        <property name="configLocation" value="classpath:MybatisConfig.xml" />
    </bean>
    <!-- 配置DAO -->
    <bean class="org.mybatis.spring.mapper.MapperScannerConfigurer">
        <!-- <property name="sqlSessionFactoryBeanName" value="sqlSessionFactory" /> -->
        <property name="basePackage" value="com.dao" />
    </bean>
    <context:component-scan base-package="com" />
    <!-- 定义事务管理器 -->
    <bean id="transactionManager" class="org.springframework.jdbc.datasource.DataSourceTransactionManager">
        <property name="dataSource" ref="dataSource"></property>
    </bean>
    <tx:annotation-driven />
</beans>