<!DOCTYPE mapper
        PUBLIC "-//mybatis.org//DTD Mapper 3.0//EN"
        "http://mybatis.org/dtd/mybatis-3-mapper.dtd">
<mapper namespace="com.dao.userMapper">
<select id="login" resultType="User">
    select * from bs_user where mobile=#{mobile} and password=#{password};
</select>
    <insert id="add">
        INSERT INTO `employee`(`userName`,`mobile`,`timeOfEntry`,`formOfEmployment` ,`workNumber`
                              ,`departmentId`,`correctionTime`,departmentName)
        VALUES(#{username},#{mobile},#{timeOfEntry},#{formOfEmployment},#{workNumber}
              ,#{departmentId},#{correctionTime},#{departmentName})
    </insert>

    <select id="select" resultType="User">
        SELECT * FROM `employee`
        limit #{index},5
    </select>
    <delete id="delete">
        delete from employee where mobile=#{mobile}
    </delete>
    <update id="update">
        UPDATE `employee` SET `departmentId`=#{departmentId},`departmentName`=#{departmentName}
        WHERE `username`=#{username}
    </update>
    <select id="count" resultType="int">
        select count(id) from employee
    </select>
</mapper>











